Workbook

Sheet Start Here
A1: Google Interview Prep — Problem Tracker
A2: Built from your uploaded files: the 457-problem Google-tagged sheet, cross-checked against the ~140 problems you already have worked C++ solutions for.
A4: How to use this workbook
A5: • | B5: 'Pattern Plan' tab = your actual study list. ~75 problems from your Google-tagged sheet, sorted into the 15 patterns. Work through one pattern at a time, top to bottom.
A6: • | B6: 'Full 457 Reference' tab = your complete original list, cleaned up and made sortable/filterable, in case you want to go beyond the curated set.
A7: • | B7: 'Solution ready?' = Yes means a full worked C++ solution already exists in your Top_google_question_part-1/2.pdf files — start those first, since half the work (understanding a correct approach) is already done.
A8: • | B8: Update the 'Status' column as you go — the counts on this tab update automatically.
A10: Progress by pattern
A11: Pattern | B11: Problems | C11: Solved | D11: % done
A12: Two Pointers | B12: 10 | C12: =COUNTIFS('Pattern Plan'!$A$3:$A$1000,A12,'Pattern Plan'!$G$3:$G$1000,"Solved")+COUNTIFS('Pattern Plan'!$A$3:$A$1000,A12,'Pattern Plan'!$G$3:$G$1000,"Solved + reviewed") -> 0 | D12: =IF(B12=0,0,C12/B12) -> 0
A13: Sliding Window | B13: 7 | C13: =COUNTIFS('Pattern Plan'!$A$3:$A$1000,A13,'Pattern Plan'!$G$3:$G$1000,"Solved")+COUNTIFS('Pattern Plan'!$A$3:$A$1000,A13,'Pattern Plan'!$G$3:$G$1000,"Solved + reviewed") -> 0 | D13: =IF(B13=0,0,C13/B13) -> 0
A14: Fast & Slow Pointers | B14: 4 | C14: =COUNTIFS('Pattern Plan'!$A$3:$A$1000,A14,'Pattern Plan'!$G$3:$G$1000,"Solved")+COUNTIFS('Pattern Plan'!$A$3:$A$1000,A14,'Pattern Plan'!$G$3:$G$1000,"Solved + reviewed") -> 0 | D14: =IF(B14=0,0,C14/B14) -> 0
A15: Merge Intervals | B15: 6 | C15: =COUNTIFS('Pattern Plan'!$A$3:$A$1000,A15,'Pattern Plan'!$G$3:$G$1000,"Solved")+COUNTIFS('Pattern Plan'!$A$3:$A$1000,A15,'Pattern Plan'!$G$3:$G$1000,"Solved + reviewed") -> 0 | D15: =IF(B15=0,0,C15/B15) -> 0
A16: Cyclic Sort | B16: 1 | C16: =COUNTIFS('Pattern Plan'!$A$3:$A$1000,A16,'Pattern Plan'!$G$3:$G$1000,"Solved")+COUNTIFS('Pattern Plan'!$A$3:$A$1000,A16,'Pattern Plan'!$G$3:$G$1000,"Solved + reviewed") -> 0 | D16: =IF(B16=0,0,C16/B16) -> 0
A17: In-place LinkedList Reversal | B17: 2 | C17: =COUNTIFS('Pattern Plan'!$A$3:$A$1000,A17,'Pattern Plan'!$G$3:$G$1000,"Solved")+COUNTIFS('Pattern Plan'!$A$3:$A$1000,A17,'Pattern Plan'!$G$3:$G$1000,"Solved + reviewed") -> 0 | D17: =IF(B17=0,0,C17/B17) -> 0
A18: Tree BFS | B18: 2 | C18: =COUNTIFS('Pattern Plan'!$A$3:$A$1000,A18,'Pattern Plan'!$G$3:$G$1000,"Solved")+COUNTIFS('Pattern Plan'!$A$3:$A$1000,A18,'Pattern Plan'!$G$3:$G$1000,"Solved + reviewed") -> 0 | D18: =IF(B18=0,0,C18/B18) -> 0
A19: Tree DFS | B19: 7 | C19: =COUNTIFS('Pattern Plan'!$A$3:$A$1000,A19,'Pattern Plan'!$G$3:$G$1000,"Solved")+COUNTIFS('Pattern Plan'!$A$3:$A$1000,A19,'Pattern Plan'!$G$3:$G$1000,"Solved + reviewed") -> 0 | D19: =IF(B19=0,0,C19/B19) -> 0
A20: Two Heaps | B20: 1 | C20: =COUNTIFS('Pattern Plan'!$A$3:$A$1000,A20,'Pattern Plan'!$G$3:$G$1000,"Solved")+COUNTIFS('Pattern Plan'!$A$3:$A$1000,A20,'Pattern Plan'!$G$3:$G$1000,"Solved + reviewed") -> 0 | D20: =IF(B20=0,0,C20/B20) -> 0
A21: Subsets | B21: 7 | C21: =COUNTIFS('Pattern Plan'!$A$3:$A$1000,A21,'Pattern Plan'!$G$3:$G$1000,"Solved")+COUNTIFS('Pattern Plan'!$A$3:$A$1000,A21,'Pattern Plan'!$G$3:$G$1000,"Solved + reviewed") -> 0 | D21: =IF(B21=0,0,C21/B21) -> 0
A22: Modified Binary Search | B22: 5 | C22: =COUNTIFS('Pattern Plan'!$A$3:$A$1000,A22,'Pattern Plan'!$G$3:$G$1000,"Solved")+COUNTIFS('Pattern Plan'!$A$3:$A$1000,A22,'Pattern Plan'!$G$3:$G$1000,"Solved + reviewed") -> 0 | D22: =IF(B22=0,0,C22/B22) -> 0
A23: Top K Elements | B23: 6 | C23: =COUNTIFS('Pattern Plan'!$A$3:$A$1000,A23,'Pattern Plan'!$G$3:$G$1000,"Solved")+COUNTIFS('Pattern Plan'!$A$3:$A$1000,A23,'Pattern Plan'!$G$3:$G$1000,"Solved + reviewed") -> 0 | D23: =IF(B23=0,0,C23/B23) -> 0
... A26: Topological Sort | B26: 4 | C26: =COUNTIFS('Pattern Plan'!$A$3:$A$1000,A26,'Pattern Plan'!$G$3:$G$1000,"Solved")+COUNTIFS('Pattern Plan'!$A$3:$A$1000,A26,'Pattern Plan'!$G$3:$G$1000,"Solved + reviewed") -> 0 | D26: =IF(B26=0,0,C26/B26) -> 0
A27: TOTAL | B27: =SUM(B12:B26) -> 77 | C27: =SUM(C12:C26) -> 0 | D27: =IF(B27=0,0,C27/B27) -> 0

Sheet Pattern Plan
A1: Your Curated 15-Pattern Practice List
A2: Pattern | B2: # | C2: Problem | D2: Difficulty | E2: Acceptance | F2: Solution ready? | G2: Status | H2: Notes
A3: Two Pointers | B3: 977 | C3: Squares of a Sorted Array | D3: Easy | E3: 0.717 | F3: No | G3: Not started
A4: Two Pointers | B4: 283 | C4: Move Zeroes | D4: Easy | E4: 0.608 | F4: No | G4: Not started
A5: Two Pointers | B5: 26 | C5: Remove Duplicates from Sorted Array | D5: Easy | E5: 0.493 | F5: Yes | G5: Not started
A6: Two Pointers | B6: 844 | C6: Backspace String Compare | D6: Easy | E6: 0.48 | F6: No | G6: Not started
A7: Two Pointers | B7: 167 | C7: Two Sum II - Input Array Is Sorted | D7: Medium | E7: 0.596 | F7: No | G7: Not started
A8: Two Pointers | B8: 11 | C8: Container With Most Water | D8: Medium | E8: 0.54 | F8: Yes | G8: Not started
A9: Two Pointers | B9: 16 | C9: 3Sum Closest | D9: Medium | E9: 0.47 | F9: No | G9: Not started
A10: Two Pointers | B10: 15 | C10: 3Sum | D10: Medium | E10: 0.314 | F10: No | G10: Not started
A11: Two Pointers | B11: 42 | C11: Trapping Rain Water | D11: Hard | E11: 0.57 | F11: No | G11: Not started
A12: Two Pointers | B12: 407 | C12: Trapping Rain Water II | D12: Hard | E12: 0.471 | F12: No | G12: Not started
A13: Sliding Window | B13: 485 | C13: Max Consecutive Ones | D13: Easy | E13: 0.553 | F13: No | G13: Not started
A14: Sliding Window | B14: 1004 | C14: Max Consecutive Ones III | D14: Medium | E14: 0.631 | F14: No | G14: Not started
... A79: Topological Sort | B79: 269 | C79: Alien Dictionary | D79: Hard | E79: 0.35 | F79: No | G79: Not started

Sheet Full 457 Reference
A1: Full List — Google-Tagged Problems (Last 6 Months, per your SDE sheet)
A2: # | B2: Problem | C2: Difficulty | D2: Acceptance | E2: Solution ready? | F2: Status
A3: 2235 | B3: Add Two Integers | C3: Easy | D3: 0.927 | E3: No | F3: Not started
A4: 1929 | B4: Concatenation of Array | C4: Easy | D4: 0.916 | E4: No | F4: Not started
A5: 1920 | B5: Build Array from Permutation | C5: Easy | D5: 0.915 | E5: No | F5: Not started
A6: 1108 | B6: Defanging an IP Address | C6: Easy | D6: 0.891 | E6: No | F6: Not started
A7: 1365 | B7: How Many Numbers Are Smaller Than the Current Number | C7: Easy | D7: 0.864 | E7: No | F7: Not started
A8: 1313 | B8: Decompress Run-Length Encoded List | C8: Easy | D8: 0.859 | E8: No | F8: Not started
A9: 1528 | B9: Shuffle String | C9: Easy | D9: 0.857 | E9: No | F9: Not started
A10: 2103 | B10: Rings and Rods | C10: Easy | D10: 0.816 | E10: No | F10: Not started
A11: 832 | B11: Flipping an Image | C11: Easy | D11: 0.799 | E11: No | F11: Not started
A12: 2089 | B12: Find Target Indices After Sorting Array | C12: Easy | D12: 0.782 | E12: No | F12: Not started
A13: 346 | B13: Moving Average from Data Stream | C13: Easy | D13: 0.766 | E13: No | F13: Not started
A14: 589 | B14: N-ary Tree Preorder Traversal | C14: Easy | D14: 0.763 | E14: No | F14: Not started
... A459: 420 | B459: Strong Password Checker | C459: Hard | D459: 0.143 | E459: No | F459: Not started

Sheet Beyond the 15
A1: Beyond the 15 Patterns
A2: 10 more techniques Google actually tests, found in your own 457-problem sheet — not in the original 15.
A4: Category summary
A5: Category | B5: Problems | C5: Solved | D5: % done
A6: Design / OOD | B6: 22 | C6: =COUNTIFS($A$19:$A$1000,A6,$G$19:$G$1000,"Solved")+COUNTIFS($A$19:$A$1000,A6,$G$19:$G$1000,"Solved + reviewed") -> 0 | D6: =IF(B6=0,0,C6/B6) -> 0
A7: Graph Traversal (grid, not a tree) | B7: 9 | C7: =COUNTIFS($A$19:$A$1000,A7,$G$19:$G$1000,"Solved")+COUNTIFS($A$19:$A$1000,A7,$G$19:$G$1000,"Solved + reviewed") -> 0 | D7: =IF(B7=0,0,C7/B7) -> 0
A8: Backtracking (board / constraint) | B8: 5 | C8: =COUNTIFS($A$19:$A$1000,A8,$G$19:$G$1000,"Solved")+COUNTIFS($A$19:$A$1000,A8,$G$19:$G$1000,"Solved + reviewed") -> 0 | D8: =IF(B8=0,0,C8/B8) -> 0
A9: Union-Find | B9: 6 | C9: =COUNTIFS($A$19:$A$1000,A9,$G$19:$G$1000,"Solved")+COUNTIFS($A$19:$A$1000,A9,$G$19:$G$1000,"Solved + reviewed") -> 0 | D9: =IF(B9=0,0,C9/B9) -> 0
A10: Prefix Sum | B10: 6 | C10: =COUNTIFS($A$19:$A$1000,A10,$G$19:$G$1000,"Solved")+COUNTIFS($A$19:$A$1000,A10,$G$19:$G$1000,"Solved + reviewed") -> 0 | D10: =IF(B10=0,0,C10/B10) -> 0
A11: Greedy | B11: 7 | C11: =COUNTIFS($A$19:$A$1000,A11,$G$19:$G$1000,"Solved")+COUNTIFS($A$19:$A$1000,A11,$G$19:$G$1000,"Solved + reviewed") -> 0 | D11: =IF(B11=0,0,C11/B11) -> 0
A12: Monotonic Stack | B12: 3 | C12: =COUNTIFS($A$19:$A$1000,A12,$G$19:$G$1000,"Solved")+COUNTIFS($A$19:$A$1000,A12,$G$19:$G$1000,"Solved + reviewed") -> 0 | D12: =IF(B12=0,0,C12/B12) -> 0
A13: Bit Manipulation | B13: 5 | C13: =COUNTIFS($A$19:$A$1000,A13,$G$19:$G$1000,"Solved")+COUNTIFS($A$19:$A$1000,A13,$G$19:$G$1000,"Solved + reviewed") -> 0 | D13: =IF(B13=0,0,C13/B13) -> 0
A14: Trie | B14: 3 | C14: =COUNTIFS($A$19:$A$1000,A14,$G$19:$G$1000,"Solved")+COUNTIFS($A$19:$A$1000,A14,$G$19:$G$1000,"Solved + reviewed") -> 0 | D14: =IF(B14=0,0,C14/B14) -> 0
A15: Math / String Simulation | B15: 12 | C15: =COUNTIFS($A$19:$A$1000,A15,$G$19:$G$1000,"Solved")+COUNTIFS($A$19:$A$1000,A15,$G$19:$G$1000,"Solved + reviewed") -> 0 | D15: =IF(B15=0,0,C15/B15) -> 0
A16: TOTAL | B16: =SUM(B6:B15) -> 78 | C16: =SUM(C6:C15) -> 0 | D16: =IF(B16=0,0,C16/B16) -> 0
A17: Full list
A18: Category | B18: # | C18: Problem | D18: Difficulty | E18: Acceptance | F18: Solution ready? | G18: Status | H18: Notes
A19: Design / OOD | B19: 359 | C19: Logger Rate Limiter | D19: Easy | E19: 0.752 | F19: No | G19: Not started
A20: Design / OOD | B20: 706 | C20: Design HashMap | D20: Easy | E20: 0.652 | F20: No | G20: Not started
A21: Design / OOD | B21: 1244 | C21: Design A Leaderboard | D21: Medium | E21: 0.682 | F21: No | G21: Not started
A22: Design / OOD | B22: 362 | C22: Design Hit Counter | D22: Medium | E22: 0.676 | F22: No | G22: Not started
A23: Design / OOD | B23: 398 | C23: Random Pick Index | D23: Medium | E23: 0.634 | F23: No | G23: Not started
A24: Design / OOD | B24: 341 | C24: Flatten Nested List Iterator | D24: Medium | E24: 0.609 | F24: No | G24: Not started
A25: Design / OOD | B25: 900 | C25: RLE Iterator | D25: Medium | E25: 0.589 | F25: No | G25: Not started
A26: Design / OOD | B26: 348 | C26: Design Tic-Tac-Toe | D26: Medium | E26: 0.573 | F26: Yes | G26: Not started
A27: Design / OOD | B27: 384 | C27: Shuffle an Array | D27: Medium | E27: 0.572 | F27: Yes | G27: Not started
A28: Design / OOD | B28: 981 | C28: Time Based Key-Value Store | D28: Medium | E28: 0.526 | F28: No | G28: Not started
A29: Design / OOD | B29: 380 | C29: Insert Delete GetRandom O(1) | D29: Medium | E29: 0.515 | F29: Yes | G29: Not started
A30: Design / OOD | B30: 528 | C30: Random Pick with Weight | D30: Medium | E30: 0.462 | F30: Yes | G30: Not started
... A96: Math / String Simulation | B96: 68 | C96: Text Justification | D96: Hard | E96: 0.356 | F96: No | G96: Not started
